<?xml version="1.0" encoding="UTF-8" ?>
<extension version="2.5" type="plugin" group="vmpayment" method="upgrade">
    <name>VM Payment - areto.pay</name>
    <creationDate>May 14 2017</creationDate>
    <author>VirtueMart Development Team</author>
    <authorUrl>https://virtuemart.net</authorUrl>
    <copyright>Copyright (C) 2004 - 2017 Virtuemart Team. All rights reserved.</copyright>
    <license>http://www.gnu.org/licenses/gpl-2.0.html GNU/GPL</license>
    <version>3.2.2</version>
    <description>Multicurrency and global credit and debit card processing for eCommerce.</description>
    <files>
        <filename plugin="aretopay">aretopay.php</filename>
        <filename plugin="aretopay">areto.php</filename>
        <folder>language</folder>
        <folder>vendor</folder>
    </files>
    <vmconfig>
        <fields name="params">
            <fieldset name="basic" addfieldpath="/plugins/vmpayment/aretopay/aretopay/fields">
               
                <field required="true" class="api live required" name="api_id" type="text" size="80" default=""
                       label="VMPAYMENT_ARETOPAY_USERNAME"/>
                <field required="true" class="api session required" name="api_session" type="text" size="80" default=""
                       label="VMPAYMENT_ARETOPAY_SESSION"/> 
            </fieldset>
        </fields>
    </vmconfig> 
</extension>
